Модель,Количество кластеров,Силуэтный коэффициент,Индекс Калински-Харабаша,Индекс Дэвиса-Болдина,Количество выбросов,AIC,BIC
Kmeans,2,0.661122118385105,1225.9273884713132,0.42068252642015436,,,
Dbscan,3,0.448349889028205,702.6630936511118,0.5302520678818702,93.0,,
Gaussian Mixture,2,0.40046424619541016,657.2668009143296,1.4210988444072004,,-33050.80297319294,-31724.44638272101
